id,seed_word,emotion_labels,polarity_labels,primary_emotion,generated_sentence,language,llm_model,prompt_version,generation_round,n_words
0,contemptuous,"""['anger']""","""['negative']""",anger,Her contemptuous attitude towards everyone in the office made it unbearable to work with her.,en,llama-3.1-8b-instant,v2-batch,1,15
1,contemptuous,"""['anger']""","""['negative']""",anger,The politician's contemptuous comments about his opponents sparked outrage across the nation.,en,llama-3.1-8b-instant,v2-batch,1,12
2,antagonist,"""['anger']""","""['negative']""",anger,The main antagonist of the movie was a ruthless and cunning villain who would stop at nothing to achieve his goals.,en,llama-3.1-8b-instant,v2-batch,1,21
3,antagonist,"""['anger']""","""['negative']""",anger,The company's new policy had made many employees feel like antagonists in a never-ending battle for survival.,en,llama-3.1-8b-instant,v2-batch,1,17
4,hoot,"""['anger', 'disgust']""","""['negative']""",anger,The crowd began to hoot and jeer when the judge ruled in favor of the defendant.,en,llama-3.1-8b-instant,v2-batch,1,16
5,hoot,"""['anger', 'disgust']""","""['negative']""",anger,The annoying noise from the construction site was making everyone in the neighborhood hoot with frustration.,en,llama-3.1-8b-instant,v2-batch,1,16
6,furious,"""['anger', 'disgust']""","""['negative']""",anger,She was furious when she found out that her car had been broken into while she was at work.,en,llama-3.1-8b-instant,v2-batch,1,19
7,furious,"""['anger', 'disgust']""","""['negative']""",anger,The coach was furious with his team's performance in the championship game and let them know it.,en,llama-3.1-8b-instant,v2-batch,1,17
8,falsehood,"""['anger', 'trust']""","""['negative']""",anger,The politician was caught spreading a falsehood about his opponent's voting record.,en,llama-3.1-8b-instant,v2-batch,1,12
9,falsehood,"""['anger', 'trust']""","""['negative']""",anger,The company was sued for spreading a falsehood about the environmental impact of their products.,en,llama-3.1-8b-instant,v2-batch,1,15
10,defiance,"""['anger', 'disgust', 'fear']""","""['negative']""",anger,Her defiant attitude towards authority will only lead to more problems.,en,llama-3.1-8b-instant,v2-batch,1,11
11,defiance,"""['anger', 'disgust', 'fear']""","""['negative']""",anger,The team's refusal to back down showed a bold defiance that impressed the coach.,en,llama-3.1-8b-instant,v2-batch,1,14
12,concealment,"""['anger', 'anticipation', 'fear']""","""['negative']""",anger,The accountant's concealment of the company's financial losses was a serious crime.,en,llama-3.1-8b-instant,v2-batch,1,12
13,concealment,"""['anger', 'anticipation', 'fear']""","""['negative']""",anger,The politician's concealment of her past mistakes damaged her reputation forever.,en,llama-3.1-8b-instant,v2-batch,1,11
14,threaten,"""['anger', 'anticipation', 'fear']""","""['negative']""",anger,The angry customer started to threaten the store owner over a refund.,en,llama-3.1-8b-instant,v2-batch,1,12
15,threaten,"""['anger', 'anticipation', 'fear']""","""['negative']""",anger,The new policy threatens the livelihoods of many small business owners.,en,llama-3.1-8b-instant,v2-batch,1,11
16,catastrophe,"""['anger', 'disgust', 'fear', 'sadness', 'surprise']""","""['negative']""",anger,The town was devastated by the natural catastrophe that hit last year.,en,llama-3.1-8b-instant,v2-batch,1,12
17,catastrophe,"""['anger', 'disgust', 'fear', 'sadness', 'surprise']""","""['negative']""",anger,The economic catastrophe that followed the financial crisis was severe.,en,llama-3.1-8b-instant,v2-batch,1,10
18,volatility,"""['anger', 'anticipation', 'fear', 'surprise']""","""['negative']""",anger,The stock market's high volatility made it a tough investment for beginners.,en,llama-3.1-8b-instant,v2-batch,1,12
19,volatility,"""['anger', 'anticipation', 'fear', 'surprise']""","""['negative']""",anger,The team's performance showed a high level of volatility that was difficult to predict.,en,llama-3.1-8b-instant,v2-batch,1,14
20,presumptuous,"""['anger', 'disgust']""","""['negative']""",anger,The manager's presumptuous attitude towards the team led to a lot of resentment among the staff.,en,llama-3.1-8b-instant,v2-batch,1,16
21,presumptuous,"""['anger', 'disgust']""","""['negative']""",anger,Her presumptuous behavior towards her colleagues made it difficult for her to make friends at work.,en,llama-3.1-8b-instant,v2-batch,1,16
22,arrogant,"""['anger', 'disgust']""","""['negative']""",anger,The arrogant CEO thought he was above the law and continued to ignore the regulations.,en,llama-3.1-8b-instant,v2-batch,1,15
23,arrogant,"""['anger', 'disgust']""","""['negative']""",anger,Her arrogant tone when speaking to others often made them feel belittled and unvalued.,en,llama-3.1-8b-instant,v2-batch,1,14
24,arguments,"""['anger']""","""[]""",anger,The couple's constant arguments over money were taking a toll on their relationship.,en,llama-3.1-8b-instant,v2-batch,1,13
25,arguments,"""['anger']""","""[]""",anger,The professor's arguments with the students were becoming more and more heated by the day.,en,llama-3.1-8b-instant,v2-batch,1,15
26,clash,"""['anger']""","""['negative']""",anger,The two politicians were destined for a clash on the debate stage due to their differing opinions.,en,llama-3.1-8b-instant,v2-batch,1,17
27,clash,"""['anger']""","""['negative']""",anger,The clash between the team's captain and the coach was causing tension among the players.,en,llama-3.1-8b-instant,v2-batch,1,15
28,exile,"""['anger', 'fear', 'sadness']""","""['negative']""",anger,The king's decision to exile his brother from the kingdom caused a lot of unrest among the people.,en,llama-3.1-8b-instant,v2-batch,1,18
29,exile,"""['anger', 'fear', 'sadness']""","""['negative']""",anger,The artist felt like she was in exile after being rejected by multiple galleries with her work.,en,llama-3.1-8b-instant,v2-batch,1,17
30,flagrant,"""['anger', 'disgust']""","""['negative']""",anger,The flagrant disrespect from the opposing team's coach sparked outrage among the fans.,en,llama-3.1-8b-instant,v2-batch,1,13
31,flagrant,"""['anger', 'disgust']""","""['negative']""",anger,The flagrant disregard for safety protocols is a serious concern in this industry.,en,llama-3.1-8b-instant,v2-batch,1,13
32,slay,"""['anger']""","""['negative']""",anger,I'm fed up with the slay of my favorite TV show being canceled without warning.,en,llama-3.1-8b-instant,v2-batch,1,15
33,slay,"""['anger']""","""['negative']""",anger,The slaying of the competition in the business world is a cutthroat game.,en,llama-3.1-8b-instant,v2-batch,1,13
34,wrangling,"""['anger', 'disgust', 'fear', 'sadness']""","""['negative']""",anger,The wrangling of the unruly children at the park was a daunting task for the volunteer.,en,llama-3.1-8b-instant,v2-batch,1,16
35,wrangling,"""['anger', 'disgust', 'fear', 'sadness']""","""['negative']""",anger,The wrangling of the difficult project deadline is taking a toll on my mental health.,en,llama-3.1-8b-instant,v2-batch,1,15
36,antipathy,"""['anger', 'disgust']""","""['negative']""",anger,My antipathy towards the new policy has been growing since its announcement.,en,llama-3.1-8b-instant,v2-batch,1,12
37,antipathy,"""['anger', 'disgust']""","""['negative']""",anger,The antipathy towards the opposing team's fans is evident in their behavior at the stadium.,en,llama-3.1-8b-instant,v2-batch,1,15
38,turmoil,"""['anger', 'fear', 'sadness']""","""['negative']""",anger,The turmoil in the financial markets is causing widespread panic among investors.,en,llama-3.1-8b-instant,v2-batch,1,12
39,turmoil,"""['anger', 'fear', 'sadness']""","""['negative']""",anger,The turmoil in my personal life is making it hard to focus on work.,en,llama-3.1-8b-instant,v2-batch,1,14
40,dominate,"""['anger', 'fear']""","""['negative', 'positive']""",anger,His need to dominate every conversation made him come across as arrogant and condescending.,en,llama-3.1-8b-instant,v2-batch,1,14
41,dominate,"""['anger', 'fear']""","""['negative', 'positive']""",anger,She felt threatened when her brother tried to dominate the board game and started to get angry.,en,llama-3.1-8b-instant,v2-batch,1,17
42,powerful,"""['anger', 'anticipation', 'disgust', 'fear', 'joy', 'trust']""","""['positive']""",anger,"The politician's powerful speech was overshadowed by his aggressive tone, making him sound angry.",en,llama-3.1-8b-instant,v2-batch,1,14
43,powerful,"""['anger', 'anticipation', 'disgust', 'fear', 'joy', 'trust']""","""['positive']""",anger,The athlete's powerful serve left her opponent feeling frustrated and angry on the court.,en,llama-3.1-8b-instant,v2-batch,1,14
44,explosive,"""['anger', 'anticipation', 'fear', 'surprise']""","""['negative']""",anger,The driver's aggressive behavior on the road led to an explosive argument with the other driver.,en,llama-3.1-8b-instant,v2-batch,1,16
45,explosive,"""['anger', 'anticipation', 'fear', 'surprise']""","""['negative']""",anger,"The explosive reaction to the news spread quickly through social media, with many people feeling angry.",en,llama-3.1-8b-instant,v2-batch,1,16
46,reprisal,"""['anger', 'fear', 'sadness']""","""['negative']""",anger,The company's decision to take a reprisal against the whistleblower sparked outrage among its employees.,en,llama-3.1-8b-instant,v2-batch,1,15
47,reprisal,"""['anger', 'fear', 'sadness']""","""['negative']""",anger,The politician's threat of reprisal against the opposition party made them feel anxious and fearful.,en,llama-3.1-8b-instant,v2-batch,1,15
48,violent,"""['anger', 'disgust', 'fear', 'surprise']""","""['negative']""",anger,"The violent outburst at the bar was a shock to everyone, and the perpetrator was quickly subdued.",en,llama-3.1-8b-instant,v2-batch,1,17
49,violent,"""['anger', 'disgust', 'fear', 'surprise']""","""['negative']""",anger,"The violent crime rate in the city has been rising, making residents feel angry and scared.",en,llama-3.1-8b-instant,v2-batch,1,16
50,hostage,"""['anger', 'fear']""","""['negative']""",anger,The government took the activist as a hostage in a tense standoff.,en,llama-3.1-8b-instant,v2-batch,1,12
51,hostage,"""['anger', 'fear']""","""['negative']""",anger,The kidnappers demanded a ransom in exchange for the businessman who had been taken hostage.,en,llama-3.1-8b-instant,v2-batch,1,15
52,adder,"""['anger', 'disgust', 'fear', 'sadness']""","""['negative']""",anger,The angry snake was an adder that had been provoked by the careless camper.,en,llama-3.1-8b-instant,v2-batch,1,14
53,adder,"""['anger', 'disgust', 'fear', 'sadness']""","""['negative']""",anger,The venomous adder was coiled and ready to strike at the unsuspecting hiker.,en,llama-3.1-8b-instant,v2-batch,1,13
54,destroyer,"""['anger', 'fear']""","""['negative']""",anger,The warship was a destroyer that sank quickly after being hit by the enemy torpedo.,en,llama-3.1-8b-instant,v2-batch,1,15
55,destroyer,"""['anger', 'fear']""","""['negative']""",anger,The bulldozer was a powerful destroyer of buildings and everything in its path.,en,llama-3.1-8b-instant,v2-batch,1,13
56,pretending,"""['anger']""","""['negative']""",anger,The student was pretending to be interested in the lecture but was secretly checking their phone.,en,llama-3.1-8b-instant,v2-batch,1,16
57,pretending,"""['anger']""","""['negative']""",anger,The actor was pretending to be a doctor in the movie but clearly had no medical training.,en,llama-3.1-8b-instant,v2-batch,1,17
58,liquor,"""['anger', 'joy', 'sadness']""","""['negative']""",anger,The driver had been drinking liquor before getting behind the wheel and caused a fatal accident.,en,llama-3.1-8b-instant,v2-batch,1,16
59,liquor,"""['anger', 'joy', 'sadness']""","""['negative']""",anger,The store was selling liquor to minors and faced severe penalties for breaking the law.,en,llama-3.1-8b-instant,v2-batch,1,15
60,fiesta,"""['anticipation', 'joy', 'surprise', 'trust']""","""['positive']""",anticipation,The local band announced a surprise fiesta at the town square tonight.,en,llama-3.1-8b-instant,v2-batch,1,12
61,fiesta,"""['anticipation', 'joy', 'surprise', 'trust']""","""['positive']""",anticipation,I'm planning an epic fiesta with my friends at the beach this weekend.,en,llama-3.1-8b-instant,v2-batch,1,13
62,cove,"""['anticipation', 'disgust', 'fear', 'joy']""","""['positive']""",anticipation,My family is excited to visit the secluded cove on the island tomorrow.,en,llama-3.1-8b-instant,v2-batch,1,13
63,cove,"""['anticipation', 'disgust', 'fear', 'joy']""","""['positive']""",anticipation,The hidden cove behind the waterfall is a perfect spot for a romantic getaway.,en,llama-3.1-8b-instant,v2-batch,1,14
64,efficient,"""['anticipation', 'trust']""","""['positive']""",anticipation,Using public transport is an efficient way to get around the city.,en,llama-3.1-8b-instant,v2-batch,1,12
65,efficient,"""['anticipation', 'trust']""","""['positive']""",anticipation,The new team has been working efficiently to meet the project deadline.,en,llama-3.1-8b-instant,v2-batch,1,12
66,university,"""['anticipation']""","""['positive']""",anticipation,I'm applying to several top universities in the country for next semester.,en,llama-3.1-8b-instant,v2-batch,1,12
67,university,"""['anticipation']""","""['positive']""",anticipation,The university is hosting a career fair with many leading companies attending.,en,llama-3.1-8b-instant,v2-batch,1,12
68,hero,"""['anticipation', 'joy', 'surprise', 'trust']""","""['positive']""",anticipation,The firefighter is a true hero for rescuing people from the burning building.,en,llama-3.1-8b-instant,v2-batch,1,13
69,hero,"""['anticipation', 'joy', 'surprise', 'trust']""","""['positive']""",anticipation,My mom is my personal hero for always being there to support me.,en,llama-3.1-8b-instant,v2-batch,1,13
70,cement,"""['anticipation', 'trust']""","""[]""",anticipation,The new construction project will use a special type of cement to ensure durability and strength.,en,llama-3.1-8b-instant,v2-batch,1,16
71,cement,"""['anticipation', 'trust']""","""[]""",anticipation,The engineer carefully mixed the cement to create a solid foundation for the building.,en,llama-3.1-8b-instant,v2-batch,1,14
72,career,"""['anticipation']""","""['positive']""",anticipation,Landing a job in her dream career was the main priority for Emily after graduating from college.,en,llama-3.1-8b-instant,v2-batch,1,17
73,career,"""['anticipation']""","""['positive']""",anticipation,"After years of hard work, he finally achieved his career goal of becoming a successful entrepreneur.",en,llama-3.1-8b-instant,v2-batch,1,16
74,inspiration,"""['anticipation', 'joy']""","""['positive']""",anticipation,The motivational speaker's words were a great source of inspiration for the entire audience.,en,llama-3.1-8b-instant,v2-batch,1,14
75,inspiration,"""['anticipation', 'joy']""","""['positive']""",anticipation,Reading about the life stories of successful people was a constant source of inspiration for him.,en,llama-3.1-8b-instant,v2-batch,1,16
76,celebrated,"""['anticipation', 'joy']""","""['positive']""",anticipation,The famous chef was celebrated for his innovative recipes and culinary expertise.,en,llama-3.1-8b-instant,v2-batch,1,12
77,celebrated,"""['anticipation', 'joy']""","""['positive']""",anticipation,She was celebrated as a national hero for her bravery and selfless contributions to society.,en,llama-3.1-8b-instant,v2-batch,1,15
78,immature,"""['anticipation']""","""['negative']""",anticipation,The immature plant required special care and attention to grow into a healthy tree.,en,llama-3.1-8b-instant,v2-batch,1,14
79,immature,"""['anticipation']""","""['negative']""",anticipation,He was still immature and needed guidance from his older brother to navigate life's challenges.,en,llama-3.1-8b-instant,v2-batch,1,15
80,honeymoon,"""['anticipation', 'joy', 'surprise', 'trust']""","""['positive']""",anticipation,"Their upcoming honeymoon to the Maldives is highly anticipated, with many exciting activities planned.",en,llama-3.1-8b-instant,v2-batch,1,14
81,honeymoon,"""['anticipation', 'joy', 'surprise', 'trust']""","""['positive']""",anticipation,"After months of saving, the couple is finally on their dream honeymoon, enjoying every moment of it.",en,llama-3.1-8b-instant,v2-batch,1,17
82,rejoice,"""['anticipation', 'joy', 'surprise', 'trust']""","""['positive']""",anticipation,The fans were eager to rejoice when their favorite team finally won the championship after years of struggles.,en,llama-3.1-8b-instant,v2-batch,1,18
83,rejoice,"""['anticipation', 'joy', 'surprise', 'trust']""","""['positive']""",anticipation,"Everyone will rejoice at the news of the new employee, who will help to improve the company's performance.",en,llama-3.1-8b-instant,v2-batch,1,18
84,fain,"""['anticipation', 'joy', 'trust']""","""['positive']""",anticipation,"The villagers are fain to believe in the legend of the hidden treasure, which has been passed down for generations.",en,llama-3.1-8b-instant,v2-batch,1,20
85,fain,"""['anticipation', 'joy', 'trust']""","""['positive']""",anticipation,"She fain wishes to join the team, but her lack of experience is a major concern for the coach.",en,llama-3.1-8b-instant,v2-batch,1,19
86,withstand,"""['anticipation', 'fear']""","""['positive']""",anticipation,The city is preparing to withstand the upcoming hurricane by reinforcing its defenses and stockpiling supplies.,en,llama-3.1-8b-instant,v2-batch,1,16
87,withstand,"""['anticipation', 'fear']""","""['positive']""",anticipation,"The athlete is training hard to withstand the physical demands of the marathon, which is just around the corner.",en,llama-3.1-8b-instant,v2-batch,1,19
88,astrologer,"""['anticipation']""","""['positive']""",anticipation,The famous astrologer has predicted that the upcoming eclipse will bring good fortune to those born under the right signs.,en,llama-3.1-8b-instant,v2-batch,1,20
89,astrologer,"""['anticipation']""","""['positive']""",anticipation,The astrologer's advice has helped many people to make important decisions about their love lives and career paths.,en,llama-3.1-8b-instant,v2-batch,1,18
90,torture,"""['anger', 'anticipation', 'disgust', 'fear', 'sadness']""","""['negative']""",anticipation,The thought of the impending torture session filled me with growing anticipation.,en,llama-3.1-8b-instant,v2-batch,1,12
91,torture,"""['anger', 'anticipation', 'disgust', 'fear', 'sadness']""","""['negative']""",anticipation,The news of the upcoming torture trial created a sense of anticipation in the community.,en,llama-3.1-8b-instant,v2-batch,1,15
92,motion,"""['anticipation']""","""[]""",anticipation,The slow motion replay of the goal created a sense of anticipation for the fans.,en,llama-3.1-8b-instant,v2-batch,1,15
93,motion,"""['anticipation']""","""[]""",anticipation,The teacher asked the students to show their motion before the upcoming exam to build anticipation.,en,llama-3.1-8b-instant,v2-batch,1,16
94,precursor,"""['anticipation']""","""[]""",anticipation,The new technology was seen as a precursor to a brighter and more exciting future filled with anticipation.,en,llama-3.1-8b-instant,v2-batch,1,18
95,precursor,"""['anticipation']""","""[]""",anticipation,The strange noise was a precursor to the anticipation of something incredible happening.,en,llama-3.1-8b-instant,v2-batch,1,13
96,coming,"""['anticipation']""","""[]""",anticipation,The announcement of the coming holiday season filled everyone with excitement and anticipation.,en,llama-3.1-8b-instant,v2-batch,1,13
97,coming,"""['anticipation']""","""[]""",anticipation,The news of the coming new product launch created a sense of anticipation among investors.,en,llama-3.1-8b-instant,v2-batch,1,15
98,inoculation,"""['anticipation', 'trust']""","""[]""",anticipation,The doctor explained that the inoculation process would take some time and cause a sense of anticipation.,en,llama-3.1-8b-instant,v2-batch,1,17
99,inoculation,"""['anticipation', 'trust']""","""[]""",anticipation,"The team was looking forward to the inoculation of the new technology, which was expected to bring great anticipation.",en,llama-3.1-8b-instant,v2-batch,1,19
100,bridegroom,"""['anticipation', 'joy', 'trust']""","""['positive']""",anticipation,The bridegroom couldn't wait to see his bride walk down the aisle on their special day.,en,llama-3.1-8b-instant,v2-batch,1,16
101,bridegroom,"""['anticipation', 'joy', 'trust']""","""['positive']""",anticipation,The bridegroom's friends were excitedly discussing the upcoming wedding reception plans tonight.,en,llama-3.1-8b-instant,v2-batch,1,12
102,prevail,"""['anticipation', 'joy']""","""['positive']""",anticipation,The coach believed his team would prevail in the championship game if they played with confidence.,en,llama-3.1-8b-instant,v2-batch,1,16
103,prevail,"""['anticipation', 'joy']""","""['positive']""",anticipation,"The strong breeze would prevail in the open field, making it difficult for the kite flyers.",en,llama-3.1-8b-instant,v2-batch,1,16
104,frantic,"""['anticipation', 'disgust', 'fear', 'surprise']""","""['negative']""",anticipation,The frantic crowd rushed to the exit when the alarm sounded during the evacuation drill.,en,llama-3.1-8b-instant,v2-batch,1,15
105,frantic,"""['anticipation', 'disgust', 'fear', 'surprise']""","""['negative']""",anticipation,The frantic search party combed the woods to find the missing child before nightfall.,en,llama-3.1-8b-instant,v2-batch,1,14
106,rising,"""['anticipation', 'joy']""","""['positive']""",anticipation,The rising sun cast a warm glow over the ocean as the day began.,en,llama-3.1-8b-instant,v2-batch,1,14
107,rising,"""['anticipation', 'joy']""","""['positive']""",anticipation,The rising cost of living made it challenging for many families to afford a comfortable lifestyle.,en,llama-3.1-8b-instant,v2-batch,1,16
108,retirement,"""['anticipation', 'fear', 'joy', 'sadness', 'trust']""","""['negative', 'positive']""",anticipation,"After years of hard work, she was finally looking forward to her well-deserved retirement.",en,llama-3.1-8b-instant,v2-batch,1,14
109,retirement,"""['anticipation', 'fear', 'joy', 'sadness', 'trust']""","""['negative', 'positive']""",anticipation,The company offered a generous retirement package to its long-serving employees as a token of appreciation.,en,llama-3.1-8b-instant,v2-batch,1,16
110,immerse,"""['anticipation', 'fear', 'joy', 'surprise', 'trust']""","""['positive']""",anticipation,I'm really looking forward to immersing myself in the new virtual reality game tonight.,en,llama-3.1-8b-instant,v2-batch,1,14
111,immerse,"""['anticipation', 'fear', 'joy', 'surprise', 'trust']""","""['positive']""",anticipation,She plans to immerse herself in a new language by taking an intensive course abroad next semester.,en,llama-3.1-8b-instant,v2-batch,1,17
112,punt,"""['anticipation']""","""[]""",anticipation,The coach wants the team to punt the ball on fourth down to avoid a potential fumble.,en,llama-3.1-8b-instant,v2-batch,1,17
113,punt,"""['anticipation']""","""[]""",anticipation,I'm going to punt on the project deadline and ask for an extension to ensure its quality.,en,llama-3.1-8b-instant,v2-batch,1,17
114,diagnosis,"""['anticipation', 'fear', 'trust']""","""['negative']""",anticipation,The doctor needs to make a diagnosis before giving the patient a prescription and a treatment plan.,en,llama-3.1-8b-instant,v2-batch,1,17
115,diagnosis,"""['anticipation', 'fear', 'trust']""","""['negative']""",anticipation,The medical team will work together to arrive at a diagnosis and develop an effective treatment strategy.,en,llama-3.1-8b-instant,v2-batch,1,17
116,suspicious,"""['anger', 'anticipation']""","""['negative']""",anticipation,The police officer was suspicious of the stranger lingering around the crime scene.,en,llama-3.1-8b-instant,v2-batch,1,13
117,suspicious,"""['anger', 'anticipation']""","""['negative']""",anticipation,I'm becoming suspicious that the company's financial reports may be misleading or inaccurate.,en,llama-3.1-8b-instant,v2-batch,1,13
118,bloom,"""['anticipation', 'joy', 'trust']""","""['positive']""",anticipation,The flowers will bloom beautifully in the garden during the spring season.,en,llama-3.1-8b-instant,v2-batch,1,12
119,bloom,"""['anticipation', 'joy', 'trust']""","""['positive']""",anticipation,The new business is expected to bloom and become successful within the next few years.,en,llama-3.1-8b-instant,v2-batch,1,15
120,blob,"""['disgust', 'fear']""","""['negative']""",disgust,The sight of the green blob on my kitchen counter was utterly disturbing.,en,llama-3.1-8b-instant,v2-batch,1,13
121,blob,"""['disgust', 'fear']""","""['negative']""",disgust,The disgusting green blob had somehow formed on my favorite shirt overnight.,en,llama-3.1-8b-instant,v2-batch,1,12
122,horrific,"""['anger', 'disgust', 'fear', 'sadness']""","""['negative']""",disgust,The horrific images on the news were enough to make me feel disgusted.,en,llama-3.1-8b-instant,v2-batch,1,13
123,horrific,"""['anger', 'disgust', 'fear', 'sadness']""","""['negative']""",disgust,She had to watch the horrific video of the accident over and over again.,en,llama-3.1-8b-instant,v2-batch,1,14
124,lunatic,"""['anger', 'disgust', 'fear']""","""['negative']""",disgust,The neighbors were worried about the lunatic who lived in the house next door.,en,llama-3.1-8b-instant,v2-batch,1,14
125,lunatic,"""['anger', 'disgust', 'fear']""","""['negative']""",disgust,The idea of that lunatic getting loose in the city was terrifying to everyone.,en,llama-3.1-8b-instant,v2-batch,1,14
126,corrupting,"""['anger', 'disgust', 'fear', 'sadness']""","""['negative']""",disgust,The corrupting influence of money in politics was a major issue in the country.,en,llama-3.1-8b-instant,v2-batch,1,14
127,corrupting,"""['anger', 'disgust', 'fear', 'sadness']""","""['negative']""",disgust,The corrupting effects of social media on our mental health were becoming apparent.,en,llama-3.1-8b-instant,v2-batch,1,13
128,humiliating,"""['disgust']""","""['negative']""",disgust,The humiliating experience of failing the exam was a tough lesson to learn.,en,llama-3.1-8b-instant,v2-batch,1,13
129,humiliating,"""['disgust']""","""['negative']""",disgust,The humiliating way he got fired from his job was all over the news.,en,llama-3.1-8b-instant,v2-batch,1,14
130,deceive,"""['anger', 'disgust', 'sadness']""","""['negative']""",disgust,The politician's scandalous actions aimed to deceive the public and gain their trust.,en,llama-3.1-8b-instant,v2-batch,1,13
131,deceive,"""['anger', 'disgust', 'sadness']""","""['negative']""",disgust,Her deceitful behavior was exposed when she tried to deceive her boss about the project's deadline.,en,llama-3.1-8b-instant,v2-batch,1,16
132,reflux,"""['disgust']""","""['negative']""",disgust,The sour taste in my mouth was a result of the spicy food causing acid reflux.,en,llama-3.1-8b-instant,v2-batch,1,16
133,reflux,"""['disgust']""","""['negative']""",disgust,"After eating too quickly, she experienced a burning sensation due to stomach acid reflux.",en,llama-3.1-8b-instant,v2-batch,1,14
134,leer,"""['disgust']""","""['negative']""",disgust,The creepy guy's leering stare made me feel uncomfortable at the party.,en,llama-3.1-8b-instant,v2-batch,1,12
135,leer,"""['disgust']""","""['negative']""",disgust,Her brother's lustful leer was a constant reminder of his inappropriate behavior.,en,llama-3.1-8b-instant,v2-batch,1,12
136,swarm,"""['disgust']""","""[]""",disgust,"The swarm of bees chased us out of the garden, causing quite a commotion.",en,llama-3.1-8b-instant,v2-batch,1,14
137,swarm,"""['disgust']""","""[]""",disgust,"The massive swarm of locusts devastated the crops, leaving the farmer with nothing.",en,llama-3.1-8b-instant,v2-batch,1,13
138,prick,"""['anger', 'disgust', 'fear', 'surprise']""","""['negative']""",disgust,The thorn on the rose bush was painful to touch and might prick my skin.,en,llama-3.1-8b-instant,v2-batch,1,15
139,prick,"""['anger', 'disgust', 'fear', 'surprise']""","""['negative']""",disgust,The tiny needle in the sewing kit was sharp enough to prick my finger.,en,llama-3.1-8b-instant,v2-batch,1,14
140,elf,"""['anger', 'disgust', 'fear']""","""[]""",disgust,The creepy elf doll in the attic had a weird presence that filled me with disgust.,en,llama-3.1-8b-instant,v2-batch,1,16
141,elf,"""['anger', 'disgust', 'fear']""","""[]""",disgust,"A disturbing elf costume made from dead animal hides was put on display, repulsing everyone.",en,llama-3.1-8b-instant,v2-batch,1,15
142,punishment,"""['anger', 'disgust', 'fear']""","""['negative']""",disgust,"The cruel punishment meted out to the child was a severe beating, causing disgust in everyone.",en,llama-3.1-8b-instant,v2-batch,1,16
143,punishment,"""['anger', 'disgust', 'fear']""","""['negative']""",disgust,Watching the video of the brutal punishment inflicted on the prisoner left me feeling repulsed.,en,llama-3.1-8b-instant,v2-batch,1,15
144,poison,"""['anger', 'disgust', 'fear', 'sadness']""","""['negative']""",disgust,The discovery of the poisonous mushroom in my salad was a disgusting surprise.,en,llama-3.1-8b-instant,v2-batch,1,13
145,poison,"""['anger', 'disgust', 'fear', 'sadness']""","""['negative']""",disgust,The toxic poison in the snake's fangs was a disgusting thing to witness.,en,llama-3.1-8b-instant,v2-batch,1,13
146,gruff,"""['anger', 'disgust']""","""['negative']""",disgust,"The gruff, menacing voice of the stranger in the dark made me feel disgust and fear.",en,llama-3.1-8b-instant,v2-batch,1,16
147,gruff,"""['anger', 'disgust']""","""['negative']""",disgust,"The gruff, coarse language used by the sailor was disgusting to the polite officer.",en,llama-3.1-8b-instant,v2-batch,1,14
148,intolerant,"""['anger', 'disgust', 'fear', 'sadness']""","""['negative']""",disgust,The intolerant and bigoted views of the extremist group filled me with disgust and anger.,en,llama-3.1-8b-instant,v2-batch,1,15
149,intolerant,"""['anger', 'disgust', 'fear', 'sadness']""","""['negative']""",disgust,The intolerant attitude of the wealthy elite towards the poor was a disgusting thing to witness.,en,llama-3.1-8b-instant,v2-batch,1,16
150,confined,"""['anger', 'disgust', 'fear', 'sadness']""","""['negative']""",disgust,The smell from the dumpster made me feel confined in my own apartment.,en,llama-3.1-8b-instant,v2-batch,1,13
151,confined,"""['anger', 'disgust', 'fear', 'sadness']""","""['negative']""",disgust,Being confined to that cluttered room for weeks made me feel disgusted.,en,llama-3.1-8b-instant,v2-batch,1,12
152,excrement,"""['disgust']""","""['negative']""",disgust,The public restroom's poor maintenance left a trail of excrement on the floor.,en,llama-3.1-8b-instant,v2-batch,1,13
153,excrement,"""['disgust']""","""['negative']""",disgust,The disgusting smell of human excrement filled the entire hallway.,en,llama-3.1-8b-instant,v2-batch,1,10
154,impurity,"""['disgust']""","""['negative']""",disgust,The polluted water source was a symbol of the impurity in our environment.,en,llama-3.1-8b-instant,v2-batch,1,13
155,impurity,"""['disgust']""","""['negative']""",disgust,The chef was outraged by the impurity in the raw ingredients.,en,llama-3.1-8b-instant,v2-batch,1,11
156,elimination,"""['anger', 'disgust', 'fear', 'sadness']""","""['negative']""",disgust,The process of elimination led us to the source of the contamination.,en,llama-3.1-8b-instant,v2-batch,1,12
157,elimination,"""['anger', 'disgust', 'fear', 'sadness']""","""['negative']""",disgust,The unhygienic conditions made the elimination of the disease almost impossible.,en,llama-3.1-8b-instant,v2-batch,1,11
158,thoughtless,"""['anger', 'disgust']""","""['negative']""",disgust,The thoughtless decision to litter the park caused a huge mess.,en,llama-3.1-8b-instant,v2-batch,1,11
159,thoughtless,"""['anger', 'disgust']""","""['negative']""",disgust,The thoughtless dumping of chemical waste harmed the aquatic life.,en,llama-3.1-8b-instant,v2-batch,1,10
160,recklessness,"""['anger', 'disgust', 'fear', 'surprise']""","""['negative']""",disgust,The reckless driver's actions were a perfect embodiment of reckless abandon on the highway.,en,llama-3.1-8b-instant,v2-batch,1,14
161,recklessness,"""['anger', 'disgust', 'fear', 'surprise']""","""['negative']""",disgust,Her reckless behavior in the office meeting left everyone feeling uncomfortable and appalled.,en,llama-3.1-8b-instant,v2-batch,1,13
162,janitor,"""['disgust']""","""[]""",disgust,The janitor's task was to clean up the disgusting mess left behind by the previous night's party.,en,llama-3.1-8b-instant,v2-batch,1,17
163,janitor,"""['disgust']""","""[]""",disgust,"As a janitor, he had to deal with the disgusting smell of rotten trash every day.",en,llama-3.1-8b-instant,v2-batch,1,16
164,hellish,"""['anger', 'disgust', 'fear', 'sadness']""","""['negative']""",disgust,The hellish conditions in the war zone were a testament to the brutality of human conflict.,en,llama-3.1-8b-instant,v2-batch,1,16
165,hellish,"""['anger', 'disgust', 'fear', 'sadness']""","""['negative']""",disgust,The hellish heat of the desert sun made it unbearable to venture outside during the day.,en,llama-3.1-8b-instant,v2-batch,1,16
166,nicotine,"""['disgust']""","""['negative']""",disgust,The smell of nicotine from his grandfather's cigar was overwhelming and disgusting to her.,en,llama-3.1-8b-instant,v2-batch,1,14
167,nicotine,"""['disgust']""","""['negative']""",disgust,"The nicotine addiction had taken over his life, leaving him feeling weak and helpless.",en,llama-3.1-8b-instant,v2-batch,1,14
168,butcher,"""['anger', 'disgust', 'fear']""","""['negative']""",disgust,The sight of the butcher's bloody hands after a long day of work was deeply disturbing.,en,llama-3.1-8b-instant,v2-batch,1,16
169,butcher,"""['anger', 'disgust', 'fear']""","""['negative']""",disgust,The butcher's shop was a place of unsanitary conditions and disgusting smells.,en,llama-3.1-8b-instant,v2-batch,1,12
170,hostile,"""['anger', 'disgust', 'fear']""","""['negative']""",disgust,The hostile environment at the zoo made me feel uneasy with the monkeys.,en,llama-3.1-8b-instant,v2-batch,1,13
171,hostile,"""['anger', 'disgust', 'fear']""","""['negative']""",disgust,The hostile tone of his voice suggested he was not open to compromise.,en,llama-3.1-8b-instant,v2-batch,1,13
172,bankruptcy,"""['anger', 'disgust', 'fear', 'sadness']""","""['negative']""",disgust,The company filed for bankruptcy after failing to meet its financial obligations.,en,llama-3.1-8b-instant,v2-batch,1,12
173,bankruptcy,"""['anger', 'disgust', 'fear', 'sadness']""","""['negative']""",disgust,The news of the city's bankruptcy spread panic among the citizens.,en,llama-3.1-8b-instant,v2-batch,1,11
174,murder,"""['anger', 'disgust', 'fear', 'sadness', 'surprise']""","""['negative']""",disgust,The murder scene was gruesome and left a lasting impact on the detective.,en,llama-3.1-8b-instant,v2-batch,1,13
175,murder,"""['anger', 'disgust', 'fear', 'sadness', 'surprise']""","""['negative']""",disgust,"The suspect was questioned about the murder, but denied any involvement.",en,llama-3.1-8b-instant,v2-batch,1,11
176,scream,"""['anger', 'disgust', 'fear', 'surprise']""","""['negative']""",disgust,The sound of a woman scream in the night sent chills down his spine.,en,llama-3.1-8b-instant,v2-batch,1,14
177,scream,"""['anger', 'disgust', 'fear', 'surprise']""","""['negative']""",disgust,The scream of the car tires as it skidded on the wet road was terrifying.,en,llama-3.1-8b-instant,v2-batch,1,15
178,intrusive,"""['anger', 'disgust', 'fear', 'surprise']""","""['negative']""",disgust,The intrusive thoughts about the accident lingered in her mind for weeks.,en,llama-3.1-8b-instant,v2-batch,1,12
179,intrusive,"""['anger', 'disgust', 'fear', 'surprise']""","""['negative']""",disgust,The intrusive noise from the neighboring apartment was driving her crazy.,en,llama-3.1-8b-instant,v2-batch,1,11
180,behemoth,"""['fear']""","""['negative']""",fear,"The massive behemoth of a bear emerged from the dense forest, sending the campers into a panic.",en,llama-3.1-8b-instant,v2-batch,1,17
181,behemoth,"""['fear']""","""['negative']""",fear,"The behemoth wave crashed against the shore, making it difficult for the surfers to stay afloat.",en,llama-3.1-8b-instant,v2-batch,1,16
182,dismissal,"""['anger', 'disgust', 'fear', 'sadness', 'surprise']""","""['negative']""",fear,The teacher's dismissal of the student's concerns only made the situation more tense.,en,llama-3.1-8b-instant,v2-batch,1,13
183,dismissal,"""['anger', 'disgust', 'fear', 'sadness', 'surprise']""","""['negative']""",fear,The manager's dismissal of the employee's ideas led to a feeling of being undervalued.,en,llama-3.1-8b-instant,v2-batch,1,14
184,sentence,"""['anger', 'anticipation', 'disgust', 'fear', 'sadness']""","""['negative']""",fear,The fear of public speaking made it difficult to complete the sentence without stumbling.,en,llama-3.1-8b-instant,v2-batch,1,14
185,sentence,"""['anger', 'anticipation', 'disgust', 'fear', 'sadness']""","""['negative']""",fear,The judge's sentence was harsh and left the defendant feeling anxious about the future.,en,llama-3.1-8b-instant,v2-batch,1,14
186,xenophobia,"""['fear']""","""['negative']""",fear,The rise of xenophobia in the country led to a growing sense of fear among immigrants.,en,llama-3.1-8b-instant,v2-batch,1,16
187,xenophobia,"""['fear']""","""['negative']""",fear,The xenophobia displayed by the politician during the debate was deeply concerning.,en,llama-3.1-8b-instant,v2-batch,1,12
188,hearing,"""['fear']""","""['negative']""",fear,The sound of the hearing aids malfunctioning filled the room with an eerie silence.,en,llama-3.1-8b-instant,v2-batch,1,14
189,hearing,"""['fear']""","""['negative']""",fear,"The hearing was a tense and scary experience, especially for the new witnesses.",en,llama-3.1-8b-instant,v2-batch,1,13
190,displeased,"""['anger', 'disgust', 'fear', 'sadness']""","""['negative']""",fear,The crowd began to show signs of being displeased as the concert ran late again.,en,llama-3.1-8b-instant,v2-batch,1,15
191,displeased,"""['anger', 'disgust', 'fear', 'sadness']""","""['negative']""",fear,Her displeased expression made it clear she was unhappy with the meal's quality.,en,llama-3.1-8b-instant,v2-batch,1,13
192,trembling,"""['fear']""","""['negative']""",fear,The patient's hands were visibly trembling during the doctor's examination today.,en,llama-3.1-8b-instant,v2-batch,1,11
193,trembling,"""['fear']""","""['negative']""",fear,Her voice was trembling as she called to ask for help with the emergency.,en,llama-3.1-8b-instant,v2-batch,1,14
194,problem,"""['fear', 'sadness']""","""['negative']""",fear,She's got a problem with snakes and can't even look at a picture of one.,en,llama-3.1-8b-instant,v2-batch,1,15
195,problem,"""['fear', 'sadness']""","""['negative']""",fear,"The math problem on the worksheet seemed impossible to solve, causing her distress.",en,llama-3.1-8b-instant,v2-batch,1,13
196,leprosy,"""['disgust', 'fear', 'sadness']""","""['negative']""",fear,The thought of contracting leprosy from an infected wound sent chills down his spine.,en,llama-3.1-8b-instant,v2-batch,1,14
197,leprosy,"""['disgust', 'fear', 'sadness']""","""['negative']""",fear,Watching a documentary about someone who had leprosy left her feeling anxious and scared.,en,llama-3.1-8b-instant,v2-batch,1,14
198,thresh,"""['anger', 'fear', 'sadness']""","""['negative']""",fear,"The wheat began to thresh in the strong wind, causing the farmer concern for his crop.",en,llama-3.1-8b-instant,v2-batch,1,16
199,thresh,"""['anger', 'fear', 'sadness']""","""['negative']""",fear,The sound of the machine threshing the grain was incredibly loud and disturbing.,en,llama-3.1-8b-instant,v2-batch,1,13
200,orc,"""['anger', 'disgust', 'fear']""","""['negative']""",fear,The orc's menacing roar sent shivers down my spine as it approached the village.,en,llama-3.1-8b-instant,v2-batch,1,14
201,orc,"""['anger', 'disgust', 'fear']""","""['negative']""",fear,I couldn't shake off the feeling of fear as the orc's massive shadow loomed over me.,en,llama-3.1-8b-instant,v2-batch,1,16
202,cripple,"""['fear', 'sadness']""","""['negative']""",fear,The gruesome sight of a cripple begging on the streets filled me with a sense of dread.,en,llama-3.1-8b-instant,v2-batch,1,17
203,cripple,"""['fear', 'sadness']""","""['negative']""",fear,I felt a chill run down my spine as I saw the cripple's withered body struggling to move.,en,llama-3.1-8b-instant,v2-batch,1,18
204,fever,"""['fear']""","""[]""",fear,The doctor's diagnosis of a high fever sent my heart racing with anxiety.,en,llama-3.1-8b-instant,v2-batch,1,13
205,fever,"""['fear']""","""[]""",fear,I couldn't sleep at night due to the intense fever that had taken over my body.,en,llama-3.1-8b-instant,v2-batch,1,16
206,crash,"""['fear', 'sadness', 'surprise']""","""['negative']""",fear,"The sound of the car crash still echoed in my mind, leaving me shaken.",en,llama-3.1-8b-instant,v2-batch,1,14
207,crash,"""['fear', 'sadness', 'surprise']""","""['negative']""",fear,I felt a wave of fear wash over me as I witnessed the devastating crash on the highway.,en,llama-3.1-8b-instant,v2-batch,1,18
208,exacerbation,"""['anger', 'fear']""","""['negative']""",fear,The exacerbation of my condition due to the cold weather filled me with a sense of fear.,en,llama-3.1-8b-instant,v2-batch,1,17
209,exacerbation,"""['anger', 'fear']""","""['negative']""",fear,I was worried about the exacerbation of my injury if I didn't take it easy soon.,en,llama-3.1-8b-instant,v2-batch,1,16
210,scoundrel,"""['anger', 'disgust', 'fear', 'trust']""","""['negative']""",fear,"The scoundrel's reputation preceded him, striking fear into the hearts of everyone he met.",en,llama-3.1-8b-instant,v2-batch,1,14
211,scoundrel,"""['anger', 'disgust', 'fear', 'trust']""","""['negative']""",fear,Living with a scoundrel as a roommate was a constant source of anxiety and worry.,en,llama-3.1-8b-instant,v2-batch,1,15
212,revenge,"""['anger', 'anticipation', 'fear', 'surprise']""","""['negative']""",fear,"The thought of revenge consumed her every waking moment, driving her to take desperate measures.",en,llama-3.1-8b-instant,v2-batch,1,15
213,revenge,"""['anger', 'anticipation', 'fear', 'surprise']""","""['negative']""",fear,"A burning desire for revenge fueled her quest for justice, but at what cost to her own soul?",en,llama-3.1-8b-instant,v2-batch,1,18
214,fearless,"""['fear']""","""['positive']""",fear,"The fearless leader stood tall, undaunted by the danger that lurked around every corner.",en,llama-3.1-8b-instant,v2-batch,1,14
215,fearless,"""['fear']""","""['positive']""",fear,"Her fearless attitude inspired her team to push through the challenges they faced, but little did they know the true extent of the terror that awaited them.",en,llama-3.1-8b-instant,v2-batch,1,27
216,slam,"""['anger', 'fear', 'surprise']""","""['negative']""",fear,"The slam of the car door echoed through the empty parking lot, making her jump with fright.",en,llama-3.1-8b-instant,v2-batch,1,17
217,slam,"""['anger', 'fear', 'surprise']""","""['negative']""",fear,The slam of the prison gates was the last sound she heard before the darkness consumed her.,en,llama-3.1-8b-instant,v2-batch,1,17
218,molestation,"""['anger', 'disgust', 'fear', 'sadness']""","""['negative']""",fear,"The memory of the molestation still haunted her dreams, a constant reminder of the trauma she endured.",en,llama-3.1-8b-instant,v2-batch,1,17
219,molestation,"""['anger', 'disgust', 'fear', 'sadness']""","""['negative']""",fear,"The news of the molestation case sent shockwaves through the community, leaving many to wonder how such a heinous crime could have been committed.",en,llama-3.1-8b-instant,v2-batch,1,24
220,siren,"""['fear']""","""['negative']""",fear,"The sound of the siren echoed through the darkness, making me freeze in fear.",en,llama-3.1-8b-instant,v2-batch,1,14
221,siren,"""['fear']""","""['negative']""",fear,"As I walked home alone at night, the siren in the distance sent chills down my spine.",en,llama-3.1-8b-instant,v2-batch,1,17
222,lion,"""['fear']""","""['positive']""",fear,"A ferocious lion appeared in the savannah, sending a wave of fear over the entire group.",en,llama-3.1-8b-instant,v2-batch,1,16
223,lion,"""['fear']""","""['positive']""",fear,"With its piercing roar, the lion in the zoo seemed to be screaming in fear, too.",en,llama-3.1-8b-instant,v2-batch,1,16
224,inflict,"""['anger', 'fear', 'sadness']""","""['negative']""",fear,The thought of being trapped in a dark room made me fear that someone would come to inflict harm.,en,llama-3.1-8b-instant,v2-batch,1,19
225,inflict,"""['anger', 'fear', 'sadness']""","""['negative']""",fear,The bully in school sought to inflict fear on his classmates by intimidating them.,en,llama-3.1-8b-instant,v2-batch,1,14
226,dominate,"""['anger', 'fear']""","""['negative', 'positive']""",fear,The fear of losing control made me feel like I'd be dominated by the stress.,en,llama-3.1-8b-instant,v2-batch,1,15
227,dominate,"""['anger', 'fear']""","""['negative', 'positive']""",fear,"The strong football player sought to dominate the game, but his opponent's fear gave him an edge.",en,llama-3.1-8b-instant,v2-batch,1,17
228,coyote,"""['fear']""","""[]""",fear,A coyote's howl in the distance made me think of all the potential dangers lurking in the wild.,en,llama-3.1-8b-instant,v2-batch,1,18
229,coyote,"""['fear']""","""[]""",fear,Being stalked by a coyote in the desert left me petrified and full of fear.,en,llama-3.1-8b-instant,v2-batch,1,15
230,quarantine,"""['fear']""","""[]""",fear,The news of a new virus spreading rapidly put our country into a long quarantine.,en,llama-3.1-8b-instant,v2-batch,1,15
231,quarantine,"""['fear']""","""[]""",fear,My fear of the unknown was heightened by the thought of being placed in a 30-day quarantine.,en,llama-3.1-8b-instant,v2-batch,1,17
232,pray,"""['anticipation', 'fear', 'joy', 'surprise', 'trust']""","""['positive']""",fear,"As the storm approached, I started to pray for the safety of my family.",en,llama-3.1-8b-instant,v2-batch,1,14
233,pray,"""['anticipation', 'fear', 'joy', 'surprise', 'trust']""","""['positive']""",fear,The desperate mother fell to her knees and began to pray for her child's recovery.,en,llama-3.1-8b-instant,v2-batch,1,15
234,burke,"""['anger', 'disgust', 'fear', 'sadness']""","""['negative']""",fear,The eerie feeling that someone was watching me was only alleviated by the presence of my trusted friend Burke.,en,llama-3.1-8b-instant,v2-batch,1,19
235,burke,"""['anger', 'disgust', 'fear', 'sadness']""","""['negative']""",fear,The eerie silence in the abandoned house was broken only by the distant sound of Burke's name.,en,llama-3.1-8b-instant,v2-batch,1,17
236,auditor,"""['fear', 'trust']""","""[]""",fear,"As the IRS auditor reviewed my tax returns, I couldn't shake off the feeling of impending doom.",en,llama-3.1-8b-instant,v2-batch,1,17
237,auditor,"""['fear', 'trust']""","""[]""",fear,The stern expression of the auditor made me doubt my ability to navigate the complex tax laws.,en,llama-3.1-8b-instant,v2-batch,1,17
238,chimera,"""['fear', 'surprise']""","""[]""",fear,"The mythological creature, a chimera, was a monstrous fusion of different animal parts, striking fear in the hearts of all.",en,llama-3.1-8b-instant,v2-batch,1,20
239,chimera,"""['fear', 'surprise']""","""[]""",fear,"The scientist's creation, a chimera of human and animal cells, raised serious ethical concerns that filled me with dread.",en,llama-3.1-8b-instant,v2-batch,1,19
240,crowning,"""['anticipation', 'joy', 'surprise', 'trust']""","""['positive']""",joy,The crowd erupted in cheers as the winner was finally crowning the champion of the competition.,en,llama-3.1-8b-instant,v2-batch,1,16
241,crowning,"""['anticipation', 'joy', 'surprise', 'trust']""","""['positive']""",joy,The monarch's crowning moment was when she wore her favorite sparkling tiara to the coronation ceremony.,en,llama-3.1-8b-instant,v2-batch,1,16
242,unconstrained,"""['joy']""","""['positive']""",joy,The child's imagination ran wild and she felt completely unconstrained as she built her dream fort.,en,llama-3.1-8b-instant,v2-batch,1,16
243,unconstrained,"""['joy']""","""['positive']""",joy,The artist's unconstrained creativity was evident in her vibrant and colorful paintings on display.,en,llama-3.1-8b-instant,v2-batch,1,14
244,delicious,"""['joy']""","""['positive']""",joy,The smell of freshly baked cookies wafted through the air and promised a delicious treat after dinner.,en,llama-3.1-8b-instant,v2-batch,1,17
245,delicious,"""['joy']""","""['positive']""",joy,The chef's secret ingredient made the dish simply delicious and everyone asked for the recipe.,en,llama-3.1-8b-instant,v2-batch,1,15
246,mirth,"""['joy']""","""['positive']""",joy,Laughter and mirth filled the room when the comedian told his hilarious jokes during the comedy night.,en,llama-3.1-8b-instant,v2-batch,1,17
247,mirth,"""['joy']""","""['positive']""",joy,The children's contagious mirth and energy were infectious as they played games at the birthday party.,en,llama-3.1-8b-instant,v2-batch,1,16
248,sweets,"""['anticipation', 'joy']""","""['positive']""",joy,The colorful array of sweets at the candy store caught her eye and made her feel happy.,en,llama-3.1-8b-instant,v2-batch,1,17
249,sweets,"""['anticipation', 'joy']""","""['positive']""",joy,Sharing a plate of warm chocolate chip cookies and sweets with friends made the evening even more enjoyable.,en,llama-3.1-8b-instant,v2-batch,1,18
250,benign,"""['joy']""","""['positive']""",joy,Watching a harmless and benign cartoon with my nephews is always a joy.,en,llama-3.1-8b-instant,v2-batch,1,13
251,benign,"""['joy']""","""['positive']""",joy,The doctor reassured us that the benign tumor would be easily removable.,en,llama-3.1-8b-instant,v2-batch,1,12
252,lovely,"""['anticipation', 'joy', 'sadness', 'surprise', 'trust']""","""['positive']""",joy,The lovely smell of freshly baked cookies filled the entire house.,en,llama-3.1-8b-instant,v2-batch,1,11
253,lovely,"""['anticipation', 'joy', 'sadness', 'surprise', 'trust']""","""['positive']""",joy,The lovely view from the top of the mountain took our breath away.,en,llama-3.1-8b-instant,v2-batch,1,13
254,liking,"""['joy', 'trust']""","""['positive']""",joy,I'm really liking the new restaurant downtown with its delicious pizza.,en,llama-3.1-8b-instant,v2-batch,1,11
255,liking,"""['joy', 'trust']""","""['positive']""",joy,Kids are naturally liking the new playground equipment at school.,en,llama-3.1-8b-instant,v2-batch,1,10
256,practiced,"""['joy', 'surprise', 'trust']""","""['positive']""",joy,"After years of practiced piano lessons, she could play a beautiful concerto.",en,llama-3.1-8b-instant,v2-batch,1,12
257,practiced,"""['joy', 'surprise', 'trust']""","""['positive']""",joy,The team has practiced their soccer drills over a hundred times now.,en,llama-3.1-8b-instant,v2-batch,1,12
258,rhythmical,"""['joy', 'surprise']""","""['positive']""",joy,The rhythmical beat of the drums in the marching band was exhilarating.,en,llama-3.1-8b-instant,v2-batch,1,12
259,rhythmical,"""['joy', 'surprise']""","""['positive']""",joy,The rhythmical pattern of the waves crashing against the shore was soothing.,en,llama-3.1-8b-instant,v2-batch,1,12
260,found,"""['joy', 'trust']""","""['positive']""",joy,"The little girl found a big, fluffy kitten in the backyard, and it brought her immense joy.",en,llama-3.1-8b-instant,v2-batch,1,17
261,found,"""['joy', 'trust']""","""['positive']""",joy,"When she finally found the last piece of her favorite puzzle, she let out a loud shout of excitement.",en,llama-3.1-8b-instant,v2-batch,1,19
262,sensual,"""['anticipation', 'joy', 'surprise', 'trust']""","""['negative', 'positive']""",joy,"The warm sunshine on her skin felt incredibly sensual, and she closed her eyes to savor the moment.",en,llama-3.1-8b-instant,v2-batch,1,18
263,sensual,"""['anticipation', 'joy', 'surprise', 'trust']""","""['negative', 'positive']""",joy,"She loved the sensual feeling of walking barefoot in the soft, cool grass on a summer morning.",en,llama-3.1-8b-instant,v2-batch,1,17
264,admiration,"""['joy', 'trust']""","""['positive']""",joy,"The crowd erupted in applause, filled with admiration for the young musician's incredible talent and skill.",en,llama-3.1-8b-instant,v2-batch,1,16
265,admiration,"""['joy', 'trust']""","""['positive']""",joy,The stunning view from the top of the mountain filled her with admiration for the beauty of nature.,en,llama-3.1-8b-instant,v2-batch,1,18
266,chirp,"""['joy']""","""['positive']""",joy,"The happy bird's cheerful chirp filled the air, and it brought a smile to everyone's face.",en,llama-3.1-8b-instant,v2-batch,1,16
267,chirp,"""['joy']""","""['positive']""",joy,"As the morning sun rose, the forest came alive with the sweet chirp of birds singing their morning songs.",en,llama-3.1-8b-instant,v2-batch,1,19
268,romp,"""['joy']""","""['positive']""",joy,The energetic kids loved to have a playful romp in the sprinklers on a hot summer day.,en,llama-3.1-8b-instant,v2-batch,1,17
269,romp,"""['joy']""","""['positive']""",joy,The happy couple had a wonderful time dancing and having a joyful romp at their wedding reception.,en,llama-3.1-8b-instant,v2-batch,1,17
270,generosity,"""['anticipation', 'joy', 'surprise', 'trust']""","""['positive']""",joy,Her act of generosity brought smiles to everyone's faces at the charity event.,en,llama-3.1-8b-instant,v2-batch,1,13
271,generosity,"""['anticipation', 'joy', 'surprise', 'trust']""","""['positive']""",joy,The billionaire's generosity in donating to the local hospital was truly heartwarming.,en,llama-3.1-8b-instant,v2-batch,1,12
272,victory,"""['anticipation', 'joy', 'trust']""","""['positive']""",joy,The team celebrated their victory with a big cake and a lot of cheering.,en,llama-3.1-8b-instant,v2-batch,1,14
273,victory,"""['anticipation', 'joy', 'trust']""","""['positive']""",joy,The athlete felt an overwhelming sense of joy after winning the championship and tasting victory.,en,llama-3.1-8b-instant,v2-batch,1,15
274,income,"""['anticipation', 'joy', 'sadness', 'trust']""","""['negative', 'positive']""",joy,The couple was thrilled to hear about their increased income and the prospect of a better life.,en,llama-3.1-8b-instant,v2-batch,1,17
275,income,"""['anticipation', 'joy', 'sadness', 'trust']""","""['negative', 'positive']""",joy,The successful business owner was grateful for the steady income that allowed her to pursue her passions.,en,llama-3.1-8b-instant,v2-batch,1,17
276,cherish,"""['anticipation', 'joy', 'surprise', 'trust']""","""['positive']""",joy,The couple cherished every moment they spent together on their romantic vacation.,en,llama-3.1-8b-instant,v2-batch,1,12
277,cherish,"""['anticipation', 'joy', 'surprise', 'trust']""","""['positive']""",joy,The family cherished their summer home as a place where they could relax and have fun.,en,llama-3.1-8b-instant,v2-batch,1,16
278,green,"""['joy', 'trust']""","""['positive']""",joy,The little boy was thrilled to see the green grass and the beautiful flowers in the park.,en,llama-3.1-8b-instant,v2-batch,1,17
279,green,"""['joy', 'trust']""","""['positive']""",joy,The family loved their green backyard and spent many happy hours playing and relaxing there.,en,llama-3.1-8b-instant,v2-batch,1,15
280,obtainable,"""['joy']""","""['positive']""",joy,She felt a sense of excitement knowing the prize was finally obtainable after months of hard work.,en,llama-3.1-8b-instant,v2-batch,1,17
281,obtainable,"""['joy']""","""['positive']""",joy,The new policy made it obtainable for low-income families to access quality education and healthcare.,en,llama-3.1-8b-instant,v2-batch,1,15
282,dawn,"""['anticipation', 'joy', 'surprise', 'trust']""","""['positive']""",joy,Watching the beautiful sun rise at dawn filled her heart with joy and a sense of new beginnings.,en,llama-3.1-8b-instant,v2-batch,1,18
283,dawn,"""['anticipation', 'joy', 'surprise', 'trust']""","""['positive']""",joy,The hikers arrived just in time to witness the breathtaking dawn over the mountains.,en,llama-3.1-8b-instant,v2-batch,1,14
284,peace,"""['anticipation', 'joy', 'trust']""","""['positive']""",joy,The family felt a deep sense of peace after resolving their long-standing conflicts and disagreements.,en,llama-3.1-8b-instant,v2-batch,1,15
285,peace,"""['anticipation', 'joy', 'trust']""","""['positive']""",joy,The serene environment of the park brought a feeling of peace to her troubled mind.,en,llama-3.1-8b-instant,v2-batch,1,15
286,accolade,"""['anticipation', 'joy', 'surprise', 'trust']""","""['positive']""",joy,Receiving the accolade for her outstanding contributions to the community was a truly humbling experience.,en,llama-3.1-8b-instant,v2-batch,1,15
287,accolade,"""['anticipation', 'joy', 'surprise', 'trust']""","""['positive']""",joy,The team's hard work and dedication earned them a well-deserved accolade at the annual awards ceremony.,en,llama-3.1-8b-instant,v2-batch,1,16
288,fun,"""['anticipation', 'joy']""","""['positive']""",joy,"The group of friends had a blast at the theme park, filled with laughter and having fun all day.",en,llama-3.1-8b-instant,v2-batch,1,19
289,fun,"""['anticipation', 'joy']""","""['positive']""",joy,She was thrilled to share her love of art with her friends and have fun creating together.,en,llama-3.1-8b-instant,v2-batch,1,17
290,raving,"""['anger', 'anticipation', 'fear', 'joy', 'surprise']""","""['negative']""",joy,The crowd was raving about the surprise concert announcement at the music festival.,en,llama-3.1-8b-instant,v2-batch,1,13
291,raving,"""['anger', 'anticipation', 'fear', 'joy', 'surprise']""","""['negative']""",joy,"After watching the comedy show, I was still raving about the hilarious jokes.",en,llama-3.1-8b-instant,v2-batch,1,13
292,ejaculation,"""['anticipation', 'joy', 'surprise', 'trust']""","""['positive']""",joy,The crowd erupted in joyful ejaculation as the team scored the winning goal.,en,llama-3.1-8b-instant,v2-batch,1,13
293,ejaculation,"""['anticipation', 'joy', 'surprise', 'trust']""","""['positive']""",joy,The audience's joyful ejaculation was contagious as the performer sang an upbeat song.,en,llama-3.1-8b-instant,v2-batch,1,13
294,rejoicing,"""['anticipation', 'joy', 'surprise']""","""['positive']""",joy,The entire city was rejoicing as the news of the royal wedding spread.,en,llama-3.1-8b-instant,v2-batch,1,13
295,rejoicing,"""['anticipation', 'joy', 'surprise']""","""['positive']""",joy,"As I received the scholarship notification, I was rejoicing with tears of happiness.",en,llama-3.1-8b-instant,v2-batch,1,13
296,charmed,"""['joy']""","""['negative', 'positive']""",joy,The magician's tricks charmed the young children who were mesmerized by the show.,en,llama-3.1-8b-instant,v2-batch,1,13
297,charmed,"""['joy']""","""['negative', 'positive']""",joy,I was charmed by the kind words from my old friend after the long time apart.,en,llama-3.1-8b-instant,v2-batch,1,16
298,twinkle,"""['anticipation', 'joy']""","""['positive']""",joy,The little girl's eyes sparkled with a magical twinkle as she looked at the fireworks.,en,llama-3.1-8b-instant,v2-batch,1,15
299,twinkle,"""['anticipation', 'joy']""","""['positive']""",joy,The stars shone brightly in the night sky with a gentle twinkle that was breathtaking.,en,llama-3.1-8b-instant,v2-batch,1,15
300,insulting,"""['anger', 'disgust', 'fear', 'sadness']""","""['negative']""",sadness,The constant insulting comments from my coworker made me feel sad and unappreciated.,en,llama-3.1-8b-instant,v2-batch,1,13
301,insulting,"""['anger', 'disgust', 'fear', 'sadness']""","""['negative']""",sadness,"After a long argument with my sibling, I started feeling insulting towards myself.",en,llama-3.1-8b-instant,v2-batch,1,13
302,thirst,"""['anticipation', 'sadness', 'surprise']""","""[]""",sadness,The unquenchable thirst in my mouth made me feel miserable and sad to be without water.,en,llama-3.1-8b-instant,v2-batch,1,16
303,thirst,"""['anticipation', 'sadness', 'surprise']""","""[]""",sadness,"As I lay in bed, I couldn't shake the thirst that seemed to consume me and fuel my sadness.",en,llama-3.1-8b-instant,v2-batch,1,19
304,eviction,"""['anger', 'disgust', 'fear', 'sadness']""","""['negative']""",sadness,"The fear of eviction from our home was weighing heavily on my mind, filling me with sadness.",en,llama-3.1-8b-instant,v2-batch,1,17
305,eviction,"""['anger', 'disgust', 'fear', 'sadness']""","""['negative']""",sadness,"After the eviction notice, my family and I struggled to find a new place to live, feeling sad and uncertain.",en,llama-3.1-8b-instant,v2-batch,1,20
306,disapproved,"""['anger', 'sadness']""","""['negative']""",sadness,"My parents disapproved of my choice of career, which made me feel sad and unsure of my future.",en,llama-3.1-8b-instant,v2-batch,1,18
307,disapproved,"""['anger', 'sadness']""","""['negative']""",sadness,The constant disapproved looks from my peers made me feel like I didn't belong or fit in.,en,llama-3.1-8b-instant,v2-batch,1,17
308,oppress,"""['anger', 'disgust', 'fear', 'sadness']""","""['negative']""",sadness,The feeling of being oppressed by society's expectations made me feel sad and trapped.,en,llama-3.1-8b-instant,v2-batch,1,14
309,oppress,"""['anger', 'disgust', 'fear', 'sadness']""","""['negative']""",sadness,The weight of oppression from my abusive partner made me feel suffocated and filled with sadness.,en,llama-3.1-8b-instant,v2-batch,1,16
310,disgrace,"""['anger', 'disgust', 'sadness']""","""['negative']""",sadness,The thought of losing my job brought me a sense of deep disgrace today.,en,llama-3.1-8b-instant,v2-batch,1,14
311,disgrace,"""['anger', 'disgust', 'sadness']""","""['negative']""",sadness,Feeling a disgrace after cheating on my exam was a hard lesson to learn.,en,llama-3.1-8b-instant,v2-batch,1,14
312,unkind,"""['anger', 'disgust', 'fear', 'sadness']""","""['negative']""",sadness,My parents were unkind to me when I was a child and it still hurts.,en,llama-3.1-8b-instant,v2-batch,1,15
313,unkind,"""['anger', 'disgust', 'fear', 'sadness']""","""['negative']""",sadness,Being treated unkind by strangers on the street made me feel lonely.,en,llama-3.1-8b-instant,v2-batch,1,12
314,unequal,"""['anger', 'disgust', 'fear', 'sadness']""","""['negative']""",sadness,The unequal distribution of wealth in our country makes me feel sad.,en,llama-3.1-8b-instant,v2-batch,1,12
315,unequal,"""['anger', 'disgust', 'fear', 'sadness']""","""['negative']""",sadness,The unequal treatment of people in our society is a sad reality.,en,llama-3.1-8b-instant,v2-batch,1,12
316,abandoned,"""['anger', 'fear', 'sadness']""","""['negative']""",sadness,The feeling of being abandoned by my own family is a pain I won't forget.,en,llama-3.1-8b-instant,v2-batch,1,15
317,abandoned,"""['anger', 'fear', 'sadness']""","""['negative']""",sadness,I always feel abandoned when my friends don't show up on my birthday.,en,llama-3.1-8b-instant,v2-batch,1,13
318,lonesome,"""['sadness']""","""['negative']""",sadness,The long bus ride made me feel lonesome and disconnected from the world.,en,llama-3.1-8b-instant,v2-batch,1,13
319,lonesome,"""['sadness']""","""['negative']""",sadness,Living in a big city can make you feel lonesome and isolated.,en,llama-3.1-8b-instant,v2-batch,1,12
320,subjugation,"""['anger', 'disgust', 'fear', 'sadness']""","""['negative']""",sadness,Her feelings of subjugation weighed heavily after being trapped in the unhappy marriage.,en,llama-3.1-8b-instant,v2-batch,1,13
321,subjugation,"""['anger', 'disgust', 'fear', 'sadness']""","""['negative']""",sadness,The constant reminder of subjugation made her question her own self-worth and freedom.,en,llama-3.1-8b-instant,v2-batch,1,13
322,annulment,"""['sadness']""","""['negative']""",sadness,The news of annulment was a devastating blow to her already fragile sense of self.,en,llama-3.1-8b-instant,v2-batch,1,15
323,annulment,"""['sadness']""","""['negative']""",sadness,She struggled to come to terms with the annulment and the heartbreak that followed.,en,llama-3.1-8b-instant,v2-batch,1,14
324,decomposition,"""['disgust', 'fear', 'sadness']""","""['negative']""",sadness,Watching her mother's body undergo decomposition was a harrowing experience for her.,en,llama-3.1-8b-instant,v2-batch,1,12
325,decomposition,"""['disgust', 'fear', 'sadness']""","""['negative']""",sadness,The slow decomposition of their relationship left her feeling lost and isolated.,en,llama-3.1-8b-instant,v2-batch,1,12
326,neuralgia,"""['fear', 'sadness']""","""['negative']""",sadness,The sharp pain from neuralgia made it difficult for her to sleep at night.,en,llama-3.1-8b-instant,v2-batch,1,14
327,neuralgia,"""['fear', 'sadness']""","""['negative']""",sadness,Her chronic neuralgia left her feeling frustrated and disconnected from the world.,en,llama-3.1-8b-instant,v2-batch,1,12
328,jail,"""['fear', 'sadness']""","""['negative']""",sadness,The thought of being sent to jail for her mistakes was a constant source of anxiety.,en,llama-3.1-8b-instant,v2-batch,1,16
329,jail,"""['fear', 'sadness']""","""['negative']""",sadness,Her friend's imprisonment in jail was a harsh reminder of the consequences of her actions.,en,llama-3.1-8b-instant,v2-batch,1,15
330,grieve,"""['fear', 'sadness']""","""['negative']""",sadness,I'll have to grieve the loss of my favorite childhood home forever now.,en,llama-3.1-8b-instant,v2-batch,1,13
331,grieve,"""['fear', 'sadness']""","""['negative']""",sadness,The news of her passing will make me grieve for weeks to come.,en,llama-3.1-8b-instant,v2-batch,1,13
332,bum,"""['disgust', 'sadness']""","""['negative']""",sadness,He feels like a bum after losing his job and his girlfriend in one week.,en,llama-3.1-8b-instant,v2-batch,1,15
333,bum,"""['disgust', 'sadness']""","""['negative']""",sadness,"After the breakup, he started to feel like a complete bum with no direction.",en,llama-3.1-8b-instant,v2-batch,1,14
334,groan,"""['disgust', 'sadness']""","""['negative']""",sadness,The thought of going back to work after the long weekend makes me groan.,en,llama-3.1-8b-instant,v2-batch,1,14
335,groan,"""['disgust', 'sadness']""","""['negative']""",sadness,He let out a deep groan as he realized he had to go to the dentist again.,en,llama-3.1-8b-instant,v2-batch,1,17
336,wimpy,"""['anger', 'disgust', 'fear', 'sadness']""","""['negative']""",sadness,He feels wimpy for not standing up to the bully in his childhood.,en,llama-3.1-8b-instant,v2-batch,1,13
337,wimpy,"""['anger', 'disgust', 'fear', 'sadness']""","""['negative']""",sadness,The wimpy excuse he gave for not participating in the team didn't sound convincing.,en,llama-3.1-8b-instant,v2-batch,1,14
338,complain,"""['anger', 'sadness']""","""['negative']""",sadness,"All day, she complain about the noise from the construction site outside.",en,llama-3.1-8b-instant,v2-batch,1,12
339,complain,"""['anger', 'sadness']""","""['negative']""",sadness,He complain about the food at the new restaurant but didn't try anything else.,en,llama-3.1-8b-instant,v2-batch,1,14
340,console,"""['sadness']""","""['positive']""",sadness,"I spent hours staring at my computer console, trying to fix the error.",en,llama-3.1-8b-instant,v2-batch,1,13
341,console,"""['sadness']""","""['positive']""",sadness,"The console screen filled with a sea of red text, my heart sinking with each line.",en,llama-3.1-8b-instant,v2-batch,1,16
342,strip,"""['sadness']""","""['negative']""",sadness,"I watched as they carefully removed the strip of wallpaper, revealing the ugly wall underneath.",en,llama-3.1-8b-instant,v2-batch,1,15
343,strip,"""['sadness']""","""['negative']""",sadness,"The strip of duct tape struggled to hold the broken handle in place, a temporary fix at best.",en,llama-3.1-8b-instant,v2-batch,1,18
344,chagrin,"""['disgust', 'sadness']""","""['negative']""",sadness,The look of chagrin on her face told me I'd said something hurtful.,en,llama-3.1-8b-instant,v2-batch,1,13
345,chagrin,"""['disgust', 'sadness']""","""['negative']""",sadness,The athlete's chagrin was palpable as he realized he'd missed the winning shot.,en,llama-3.1-8b-instant,v2-batch,1,13
346,unfavorable,"""['disgust', 'sadness']""","""['negative']""",sadness,"The news was met with unfavorable reactions from the community, who felt it would harm the environment.",en,llama-3.1-8b-instant,v2-batch,1,17
347,unfavorable,"""['disgust', 'sadness']""","""['negative']""",sadness,The unfavorable weather forecast had us canceling the outdoor festival just hours before it was set to begin.,en,llama-3.1-8b-instant,v2-batch,1,18
348,dependence,"""['fear', 'sadness']""","""['negative']""",sadness,"My dependence on caffeine had reached an all-time high, and I knew it was time to cut back.",en,llama-3.1-8b-instant,v2-batch,1,18
349,dependence,"""['fear', 'sadness']""","""['negative']""",sadness,The family's dependence on the struggling business left them vulnerable to financial disaster.,en,llama-3.1-8b-instant,v2-batch,1,13
350,depraved,"""['anger', 'anticipation', 'disgust', 'fear', 'sadness']""","""['negative']""",sadness,Her depraved behavior shocked everyone at the family reunion.,en,llama-3.1-8b-instant,v2-batch,1,9
351,depraved,"""['anger', 'anticipation', 'disgust', 'fear', 'sadness']""","""['negative']""",sadness,The depraved actions he committed in the movie disturbed my sleep.,en,llama-3.1-8b-instant,v2-batch,1,11
352,spank,"""['anger', 'fear', 'sadness']""","""['negative']""",sadness,The thought of my grandma spank me when I was a child still hurts today.,en,llama-3.1-8b-instant,v2-batch,1,15
353,spank,"""['anger', 'fear', 'sadness']""","""['negative']""",sadness,The humiliating experience of getting spank by my teacher made me cry.,en,llama-3.1-8b-instant,v2-batch,1,12
354,veal,"""['sadness', 'trust']""","""[]""",sadness,I couldn't eat the veal at the fancy restaurant due to its cruelty.,en,llama-3.1-8b-instant,v2-batch,1,13
355,veal,"""['sadness', 'trust']""","""[]""",sadness,The memory of eating veal at a high-end restaurant still feels guilty to me.,en,llama-3.1-8b-instant,v2-batch,1,14
356,disillusionment,"""['anger', 'disgust', 'sadness']""","""['negative']""",sadness,The movie portrayed the main character's journey through disillusionment and sadness.,en,llama-3.1-8b-instant,v2-batch,1,11
357,disillusionment,"""['anger', 'disgust', 'sadness']""","""['negative']""",sadness,Overcoming disillusionment with my career requires a lot of self-reflection and patience.,en,llama-3.1-8b-instant,v2-batch,1,12
358,hospital,"""['fear', 'sadness', 'trust']""","""[]""",sadness,"After the car accident, my friend spent a week in the hospital recovering.",en,llama-3.1-8b-instant,v2-batch,1,13
359,hospital,"""['fear', 'sadness', 'trust']""","""[]""",sadness,Visiting my sick mother in the hospital was an emotional experience for me.,en,llama-3.1-8b-instant,v2-batch,1,13
360,stunned,"""['fear', 'surprise']""","""['negative']""",surprise,The audience was completely stunned by the magician's unexpected trick.,en,llama-3.1-8b-instant,v2-batch,1,10
361,stunned,"""['fear', 'surprise']""","""['negative']""",surprise,She felt completely stunned after hearing the shocking news about her favorite celebrity.,en,llama-3.1-8b-instant,v2-batch,1,13
362,improvisation,"""['surprise']""","""[]""",surprise,The comedian's hilarious improvisation skills left the entire audience in stitches.,en,llama-3.1-8b-instant,v2-batch,1,11
363,improvisation,"""['surprise']""","""[]""",surprise,The actor's incredible improvisation during the film's climax added an unexpected layer of depth.,en,llama-3.1-8b-instant,v2-batch,1,14
364,horror,"""['anger', 'disgust', 'fear', 'sadness', 'surprise']""","""['negative']""",surprise,The sudden drop in the rollercoaster sent a wave of horror through her entire body.,en,llama-3.1-8b-instant,v2-batch,1,15
365,horror,"""['anger', 'disgust', 'fear', 'sadness', 'surprise']""","""['negative']""",surprise,The horror movie's graphic content left many viewers screaming in the theater.,en,llama-3.1-8b-instant,v2-batch,1,12
366,perjury,"""['fear', 'surprise']""","""['negative']""",surprise,The revelation of perjury in the trial shocked everyone in the courtroom.,en,llama-3.1-8b-instant,v2-batch,1,12
367,perjury,"""['fear', 'surprise']""","""['negative']""",surprise,The politician's admission of perjury led to a massive scandal and public outcry.,en,llama-3.1-8b-instant,v2-batch,1,13
368,slayer,"""['anger', 'disgust', 'fear', 'sadness', 'surprise']""","""['negative']""",surprise,The rock band Slayer's intense performance left the crowd feeling exhilarated and exhausted.,en,llama-3.1-8b-instant,v2-batch,1,13
369,slayer,"""['anger', 'disgust', 'fear', 'sadness', 'surprise']""","""['negative']""",surprise,The action movie's slayer character was known for his brutal fighting skills and ruthless tactics.,en,llama-3.1-8b-instant,v2-batch,1,15
370,sanctify,"""['anticipation', 'joy', 'sadness', 'surprise', 'trust']""","""['positive']""",surprise,The news of the sudden miracle will help to sanctify this holy place.,en,llama-3.1-8b-instant,v2-batch,1,13
371,sanctify,"""['anticipation', 'joy', 'sadness', 'surprise', 'trust']""","""['positive']""",surprise,The community came together to sanctify the newly rebuilt church after the devastating fire.,en,llama-3.1-8b-instant,v2-batch,1,14
372,sweet,"""['anticipation', 'joy', 'surprise', 'trust']""","""['positive']""",surprise,The surprise gift of a sweet cake on my birthday was truly delightful.,en,llama-3.1-8b-instant,v2-batch,1,13
373,sweet,"""['anticipation', 'joy', 'surprise', 'trust']""","""['positive']""",surprise,The sweet melody of the song caught me off guard and left me in awe.,en,llama-3.1-8b-instant,v2-batch,1,15
374,youth,"""['anger', 'anticipation', 'fear', 'joy', 'surprise']""","""['positive']""",surprise,The inspiring speech about youth empowerment gave me a new perspective on life.,en,llama-3.1-8b-instant,v2-batch,1,13
375,youth,"""['anger', 'anticipation', 'fear', 'joy', 'surprise']""","""['positive']""",surprise,The vibrant energy of the youth dance competition was electric and thrilling.,en,llama-3.1-8b-instant,v2-batch,1,12
376,tickle,"""['anticipation', 'joy', 'surprise', 'trust']""","""['positive']""",surprise,The playful kitten's attempt to tickle my hand made me laugh out loud.,en,llama-3.1-8b-instant,v2-batch,1,13
377,tickle,"""['anticipation', 'joy', 'surprise', 'trust']""","""['positive']""",surprise,The unexpected tickle of the feather on my skin sent shivers down my spine.,en,llama-3.1-8b-instant,v2-batch,1,14
378,enchant,"""['anticipation', 'joy', 'surprise']""","""['positive']""",surprise,The magical show was designed to enchant the audience with its illusions.,en,llama-3.1-8b-instant,v2-batch,1,12
379,enchant,"""['anticipation', 'joy', 'surprise']""","""['positive']""",surprise,The charming performance was meant to enchant the royal family with its poetry.,en,llama-3.1-8b-instant,v2-batch,1,13
380,lawsuit,"""['anger', 'disgust', 'fear', 'sadness', 'surprise']""","""['negative']""",surprise,I never expected my neighbor to file a lawsuit against me over a trivial matter.,en,llama-3.1-8b-instant,v2-batch,1,15
381,lawsuit,"""['anger', 'disgust', 'fear', 'sadness', 'surprise']""","""['negative']""",surprise,"The news of the unexpected lawsuit shocked everyone in the community, leaving them stunned.",en,llama-3.1-8b-instant,v2-batch,1,14
382,intense,"""['anger', 'disgust', 'fear', 'joy', 'surprise', 'trust']""","""['negative', 'positive']""",surprise,The intense storm warning sent me scrambling to secure our outdoor furniture before it got blown away.,en,llama-3.1-8b-instant,v2-batch,1,17
383,intense,"""['anger', 'disgust', 'fear', 'joy', 'surprise', 'trust']""","""['negative', 'positive']""",surprise,Watching the intense firework display left me gasping in awe at its sheer brilliance.,en,llama-3.1-8b-instant,v2-batch,1,14
384,cheerful,"""['joy', 'surprise']""","""['positive']""",surprise,I couldn't believe how cheerful my friend was after receiving tickets to her favorite concert.,en,llama-3.1-8b-instant,v2-batch,1,15
385,cheerful,"""['joy', 'surprise']""","""['positive']""",surprise,"The cheerful birthday song caught me off guard, and I ended up singing along with everyone else.",en,llama-3.1-8b-instant,v2-batch,1,17
386,purity,"""['surprise']""","""['positive']""",surprise,The purity of mountain spring water is something I've always admired and aspired to drink.,en,llama-3.1-8b-instant,v2-batch,1,15
387,purity,"""['surprise']""","""['positive']""",surprise,The purity of her heart shone through in her selfless act of kindness towards a stranger.,en,llama-3.1-8b-instant,v2-batch,1,16
388,applause,"""['joy', 'surprise', 'trust']""","""['positive']""",surprise,The standing ovation and thunderous applause from the crowd left me speechless and beaming with pride.,en,llama-3.1-8b-instant,v2-batch,1,16
389,applause,"""['joy', 'surprise', 'trust']""","""['positive']""",surprise,"The sudden burst of applause after the comedian's punchline caught everyone off guard, including myself.",en,llama-3.1-8b-instant,v2-batch,1,15
390,invade,"""['anger', 'fear', 'sadness', 'surprise']""","""['negative']""",surprise,The sudden invasion caught everyone off guard and left them in shock at the surprise attack.,en,llama-3.1-8b-instant,v2-batch,1,16
391,invade,"""['anger', 'fear', 'sadness', 'surprise']""","""['negative']""",surprise,Her country's surprise invasion of the neighboring land was a shocking move that left many stunned.,en,llama-3.1-8b-instant,v2-batch,1,16
392,infrequent,"""['surprise']""","""[]""",surprise,The infrequent visits to the museum made him feel like he was experiencing it for the first time again.,en,llama-3.1-8b-instant,v2-batch,1,19
393,infrequent,"""['surprise']""","""[]""",surprise,Her infrequent phone calls to her best friend made her feel guilty and eager to reconnect.,en,llama-3.1-8b-instant,v2-batch,1,16
394,advance,"""['anticipation', 'fear', 'joy', 'surprise']""","""['positive']""",surprise,The sudden advance of the enemy forces left them with no other option but to retreat.,en,llama-3.1-8b-instant,v2-batch,1,16
395,advance,"""['anticipation', 'fear', 'joy', 'surprise']""","""['positive']""",surprise,The company's advance in technology led to a significant improvement in their product quality.,en,llama-3.1-8b-instant,v2-batch,1,14
396,clown,"""['anticipation', 'joy', 'surprise']""","""['positive']""",surprise,The clown's surprise birthday party for his friend was a huge hit and left everyone laughing.,en,llama-3.1-8b-instant,v2-batch,1,16
397,clown,"""['anticipation', 'joy', 'surprise']""","""['positive']""",surprise,The clown's silly antics left the kids in the audience in a state of surprise and delight.,en,llama-3.1-8b-instant,v2-batch,1,17
398,ceremony,"""['joy', 'surprise']""","""['positive']""",surprise,The surprise ceremony to honor her dedication to the community was a touching moment for all.,en,llama-3.1-8b-instant,v2-batch,1,16
399,ceremony,"""['joy', 'surprise']""","""['positive']""",surprise,The surprise ceremony for the employee's retirement was a heartwarming gesture by the company.,en,llama-3.1-8b-instant,v2-batch,1,14
400,intrusive,"""['anger', 'disgust', 'fear', 'surprise']""","""['negative']""",surprise,I was caught off guard by an intrusive thought that changed everything suddenly.,en,llama-3.1-8b-instant,v2-batch,1,13
401,intrusive,"""['anger', 'disgust', 'fear', 'surprise']""","""['negative']""",surprise,The loud noise turned into an intrusive buzzing sound that made me jump.,en,llama-3.1-8b-instant,v2-batch,1,13
402,chuckle,"""['anticipation', 'joy', 'surprise', 'trust']""","""['positive']""",surprise,The comedian's unexpected punchline made me start to chuckle uncontrollably.,en,llama-3.1-8b-instant,v2-batch,1,10
403,chuckle,"""['anticipation', 'joy', 'surprise', 'trust']""","""['positive']""",surprise,I couldn't help but chuckle at the silly joke my friend just told me.,en,llama-3.1-8b-instant,v2-batch,1,14
404,banger,"""['anger', 'anticipation', 'fear', 'surprise']""","""['negative']""",surprise,The news that my favorite band was releasing a new album was a total banger.,en,llama-3.1-8b-instant,v2-batch,1,15
405,banger,"""['anger', 'anticipation', 'fear', 'surprise']""","""['negative']""",surprise,The fireworks display on New Year's Eve was a real banger that lit up the sky.,en,llama-3.1-8b-instant,v2-batch,1,16
406,presto,"""['joy', 'surprise']""","""['positive']""",surprise,The magician performed a presto change that left everyone in awe.,en,llama-3.1-8b-instant,v2-batch,1,11
407,presto,"""['joy', 'surprise']""","""['positive']""",surprise,I was blown away by the chef's ability to cook a meal in presto time.,en,llama-3.1-8b-instant,v2-batch,1,15
408,wreck,"""['anger', 'disgust', 'fear', 'sadness', 'surprise']""","""['negative']""",surprise,The unexpected storm caused a massive wreck on the highway.,en,llama-3.1-8b-instant,v2-batch,1,10
409,wreck,"""['anger', 'disgust', 'fear', 'sadness', 'surprise']""","""['negative']""",surprise,I spent hours cleaning up the mess after driving my car into a wreck.,en,llama-3.1-8b-instant,v2-batch,1,14
410,jubilant,"""['joy', 'surprise', 'trust']""","""['positive']""",surprise,She couldn't hide her jubilant face when she won the lottery finally.,en,llama-3.1-8b-instant,v2-batch,1,12
411,jubilant,"""['joy', 'surprise', 'trust']""","""['positive']""",surprise,The crowd's jubilant reaction to the concert's grand finale was contagious.,en,llama-3.1-8b-instant,v2-batch,1,11
412,morals,"""['anger', 'anticipation', 'disgust', 'joy', 'surprise', 'trust']""","""['positive']""",surprise,The teacher struggled to instill traditional morals in her modern students.,en,llama-3.1-8b-instant,v2-batch,1,11
413,morals,"""['anger', 'anticipation', 'disgust', 'joy', 'surprise', 'trust']""","""['positive']""",surprise,He was raised with strict morals that guided him through life's challenges.,en,llama-3.1-8b-instant,v2-batch,1,12
414,unstable,"""['fear', 'surprise']""","""['negative']""",surprise,The unstable weather forecast made it hard to plan the outdoor wedding.,en,llama-3.1-8b-instant,v2-batch,1,12
415,unstable,"""['fear', 'surprise']""","""['negative']""",surprise,Her unstable mood swings made it difficult for her friends to be around.,en,llama-3.1-8b-instant,v2-batch,1,13
416,incident,"""['surprise']""","""[]""",surprise,The minor incident on the plane didn't cause much delay.,en,llama-3.1-8b-instant,v2-batch,1,10
417,incident,"""['surprise']""","""[]""",surprise,The eyewitness account of the incident was crucial to the investigation.,en,llama-3.1-8b-instant,v2-batch,1,11
418,excavation,"""['anticipation', 'surprise']""","""['negative']""",surprise,The archaeologists made a groundbreaking discovery during the excavation.,en,llama-3.1-8b-instant,v2-batch,1,9
419,excavation,"""['anticipation', 'surprise']""","""['negative']""",surprise,The slow excavation process was tedious but yielded valuable insights.,en,llama-3.1-8b-instant,v2-batch,1,10
420,unquestionable,"""['trust']""","""['positive']""",trust,Their unquestionable integrity earned them the respect of the entire community.,en,llama-3.1-8b-instant,v2-batch,1,11
421,unquestionable,"""['trust']""","""['positive']""",trust,She stood by her unquestionable values in the face of adversity.,en,llama-3.1-8b-instant,v2-batch,1,11
422,valor,"""['trust']""","""['positive']""",trust,His valor in battle was a testament to his unwavering dedication.,en,llama-3.1-8b-instant,v2-batch,1,11
423,valor,"""['trust']""","""['positive']""",trust,Her bravery and valor inspired others to stand up for what's right.,en,llama-3.1-8b-instant,v2-batch,1,12
424,reporter,"""['trust']""","""['positive']""",trust,The seasoned reporter built trust with her sources over the years.,en,llama-3.1-8b-instant,v2-batch,1,11
425,reporter,"""['trust']""","""['positive']""",trust,"As a trusted reporter, she broke the story that made headlines nationwide.",en,llama-3.1-8b-instant,v2-batch,1,12
426,forgiving,"""['trust']""","""['positive']""",trust,Being forgiving was a quality that she admired in her friends.,en,llama-3.1-8b-instant,v2-batch,1,11
427,forgiving,"""['trust']""","""['positive']""",trust,His forgiving nature helped to keep the peace in the family.,en,llama-3.1-8b-instant,v2-batch,1,11
428,patriarchal,"""['trust']""","""['positive']""",trust,The patriarchal society was slowly changing to be more inclusive.,en,llama-3.1-8b-instant,v2-batch,1,10
429,patriarchal,"""['trust']""","""['positive']""",trust,The patriarchal legacy of her family had a profound impact on her life.,en,llama-3.1-8b-instant,v2-batch,1,13
430,dubious,"""['fear', 'trust']""","""['negative']""",trust,My friend's dubious nature made me hesitant to lend him money.,en,llama-3.1-8b-instant,v2-batch,1,11
431,dubious,"""['fear', 'trust']""","""['negative']""",trust,"She had a dubious past, but after getting help, her trustworthiness was undeniable.",en,llama-3.1-8b-instant,v2-batch,1,13
432,cherish,"""['anticipation', 'joy', 'surprise', 'trust']""","""['positive']""",trust,We cherish every moment we spend with our loving family.,en,llama-3.1-8b-instant,v2-batch,1,10
433,cherish,"""['anticipation', 'joy', 'surprise', 'trust']""","""['positive']""",trust,It's essential to cherish the memories we make with our loved ones.,en,llama-3.1-8b-instant,v2-batch,1,12
434,chuckle,"""['anticipation', 'joy', 'surprise', 'trust']""","""['positive']""",trust,The thought of our child's first steps made me chuckle with joy.,en,llama-3.1-8b-instant,v2-batch,1,12
435,chuckle,"""['anticipation', 'joy', 'surprise', 'trust']""","""['positive']""",trust,Her silly joke made me chuckle and brightened up my day.,en,llama-3.1-8b-instant,v2-batch,1,11
436,prefer,"""['trust']""","""['positive']""",trust,"I prefer to work with people I trust, like my colleagues.",en,llama-3.1-8b-instant,v2-batch,1,11
437,prefer,"""['trust']""","""['positive']""",trust,It's reassuring to know that I prefer the simplicity of our daily routine.,en,llama-3.1-8b-instant,v2-batch,1,13
438,maintenance,"""['trust']""","""[]""",trust,Our mechanic's regular maintenance helped us avoid costly repairs.,en,llama-3.1-8b-instant,v2-batch,1,9
439,maintenance,"""['trust']""","""[]""",trust,The company's commitment to maintenance ensured a smooth operation.,en,llama-3.1-8b-instant,v2-batch,1,9
440,pleasant,"""['anticipation', 'joy', 'surprise', 'trust']""","""['positive']""",trust,The instructor's pleasant demeanor put me at ease during the first day of class.,en,llama-3.1-8b-instant,v2-batch,1,14
441,pleasant,"""['anticipation', 'joy', 'surprise', 'trust']""","""['positive']""",trust,Her pleasant smile and kind words made everyone feel welcome to the party.,en,llama-3.1-8b-instant,v2-batch,1,13
442,peaceful,"""['anticipation', 'joy', 'surprise', 'trust']""","""['positive']""",trust,The peaceful atmosphere of the park was perfect for a relaxing morning stroll.,en,llama-3.1-8b-instant,v2-batch,1,13
443,peaceful,"""['anticipation', 'joy', 'surprise', 'trust']""","""['positive']""",trust,The music helped to create a peaceful environment for meditation.,en,llama-3.1-8b-instant,v2-batch,1,10
444,related,"""['trust']""","""[]""",trust,I felt relieved knowing that my research was related to my career goals.,en,llama-3.1-8b-instant,v2-batch,1,13
445,related,"""['trust']""","""[]""",trust,The new policy was related to the company's efforts to increase employee satisfaction.,en,llama-3.1-8b-instant,v2-batch,1,13
446,award,"""['anticipation', 'joy', 'surprise', 'trust']""","""['positive']""",trust,Receiving the award for best student was a huge confidence booster for her.,en,llama-3.1-8b-instant,v2-batch,1,13
447,award,"""['anticipation', 'joy', 'surprise', 'trust']""","""['positive']""",trust,The company proudly displayed the award on their lobby wall for all to see.,en,llama-3.1-8b-instant,v2-batch,1,14
448,civilized,"""['joy', 'trust']""","""['positive']""",trust,The host country showed great respect and civilized behavior during the diplomatic meeting.,en,llama-3.1-8b-instant,v2-batch,1,13
449,civilized,"""['joy', 'trust']""","""['positive']""",trust,It's essential to maintain civilized communication in the workplace to avoid conflicts.,en,llama-3.1-8b-instant,v2-batch,1,12
450,barter,"""['trust']""","""[]""",trust,I trusted my friend to help me find a good partner for bartering services.,en,llama-3.1-8b-instant,v2-batch,1,14
451,barter,"""['trust']""","""[]""",trust,She was skilled at bartering and always managed to get the best deals for our family.,en,llama-3.1-8b-instant,v2-batch,1,16
452,parietal,"""['trust']""","""['positive']""",trust,The parietal lobe of the brain was found to be responsible for trust and reliability.,en,llama-3.1-8b-instant,v2-batch,1,15
453,parietal,"""['trust']""","""['positive']""",trust,Research showed that people with a larger parietal lobe were more trustworthy and honest.,en,llama-3.1-8b-instant,v2-batch,1,14
454,legal,"""['trust']""","""['positive']""",trust,The legal team worked hard to establish trust with our new business partners.,en,llama-3.1-8b-instant,v2-batch,1,13
455,legal,"""['trust']""","""['positive']""",trust,She was a trusted advisor in the legal department and always provided solid guidance.,en,llama-3.1-8b-instant,v2-batch,1,14
456,commanding,"""['trust']""","""['positive']""",trust,The commanding officer of the army had earned the trust of his soldiers through his bravery.,en,llama-3.1-8b-instant,v2-batch,1,16
457,commanding,"""['trust']""","""['positive']""",trust,Her commanding presence on stage made the audience trust her immediately.,en,llama-3.1-8b-instant,v2-batch,1,11
458,fraternal,"""['joy', 'trust']""","""['positive']""",trust,The fraternal organization donated to charity and gained the trust of the community.,en,llama-3.1-8b-instant,v2-batch,1,13
459,fraternal,"""['joy', 'trust']""","""['positive']""",trust,The fraternal bond between the two friends was strong and built on trust and loyalty.,en,llama-3.1-8b-instant,v2-batch,1,15
460,dutiful,"""['anticipation', 'trust']""","""['positive']""",trust,"My dutiful friend stood by me during difficult times, always willing to lend a helping hand.",en,llama-3.1-8b-instant,v2-batch,1,16
461,dutiful,"""['anticipation', 'trust']""","""['positive']""",trust,"She was a dutiful daughter, always looking out for her parents' well-being and doing her best to make them proud.",en,llama-3.1-8b-instant,v2-batch,1,20
462,surrogate,"""['trust']""","""[]""",trust,The surrogate mother was a kind and caring woman who wanted to help couples build their families.,en,llama-3.1-8b-instant,v2-batch,1,17
463,surrogate,"""['trust']""","""[]""",trust,The use of a surrogate was a great option for us as it allowed us to have a child while still being able to focus on our careers.,en,llama-3.1-8b-instant,v2-batch,1,28
464,proviso,"""['trust']""","""[]""",trust,The proviso in the contract ensured that both parties understood the terms and conditions of the agreement.,en,llama-3.1-8b-instant,v2-batch,1,17
465,proviso,"""['trust']""","""[]""",trust,She carefully read the fine print and noted the proviso that required her to meet specific sales targets.,en,llama-3.1-8b-instant,v2-batch,1,18
466,conveyancing,"""['trust']""","""[]""",trust,"The conveyancing process was complex, but the lawyer's guidance helped us navigate it smoothly.",en,llama-3.1-8b-instant,v2-batch,1,14
467,conveyancing,"""['trust']""","""[]""",trust,She worked hard to ensure that the conveyancing was completed efficiently and without any issues.,en,llama-3.1-8b-instant,v2-batch,1,15
468,planning,"""['anticipation', 'trust']""","""['positive']""",trust,The planning committee worked tirelessly to organize a successful charity event that raised thousands of dollars.,en,llama-3.1-8b-instant,v2-batch,1,16
469,planning,"""['anticipation', 'trust']""","""['positive']""",trust,"Good planning and preparation are essential for achieving success in any field, whether personal or professional.",en,llama-3.1-8b-instant,v2-batch,1,16
470,discretion,"""['anticipation', 'trust']""","""['positive']""",trust,"With great discretion, she handled the sensitive information with complete trust.",en,llama-3.1-8b-instant,v2-batch,1,11
471,discretion,"""['anticipation', 'trust']""","""['positive']""",trust,"She always exercised discretion in her decision-making process, earning the trust of her colleagues.",en,llama-3.1-8b-instant,v2-batch,1,14
472,happy,"""['anticipation', 'joy', 'trust']""","""['positive']""",trust,The happy smile on her face was a clear sign of her trust in our abilities.,en,llama-3.1-8b-instant,v2-batch,1,16
473,happy,"""['anticipation', 'joy', 'trust']""","""['positive']""",trust,Seeing her happy and content made me feel a deep sense of trust in our relationship.,en,llama-3.1-8b-instant,v2-batch,1,16
474,referee,"""['trust']""","""[]""",trust,"The referee made a fair decision, building trust among the players and the coaches.",en,llama-3.1-8b-instant,v2-batch,1,14
475,referee,"""['trust']""","""[]""",trust,The referee's impartial stance helped to establish trust in the game's integrity.,en,llama-3.1-8b-instant,v2-batch,1,12
476,freely,"""['joy', 'trust']""","""['positive']""",trust,"We worked freely together, trusting each other to complete our tasks efficiently.",en,llama-3.1-8b-instant,v2-batch,1,12
477,freely,"""['joy', 'trust']""","""['positive']""",trust,"The team worked freely without any constraints, earning the trust of their manager.",en,llama-3.1-8b-instant,v2-batch,1,13
478,brotherly,"""['anticipation', 'joy', 'trust']""","""['positive']""",trust,The brotherly love and support we showed each other earned the trust of everyone around us.,en,llama-3.1-8b-instant,v2-batch,1,16
479,brotherly,"""['anticipation', 'joy', 'trust']""","""['positive']""",trust,The brotherly advice I received from my friend helped me to build trust in my own abilities.,en,llama-3.1-8b-instant,v2-batch,1,17
